{
  "stages": {
    "image_search": {
      "count_effective": 10,
      "latency": {
        "mean": 3.120830243267119,
        "std": 0.847073111625725,
        "p50": 2.919098240090534,
        "p90": 4.488426580140366,
        "p99": 4.695732781062834
      },
      "peak_vram_gb": {
        "mean": 15.348944664001465,
        "max": 15.348944664001465
      },
      "energy_J": {
        "mean": 0.0,
        "sum": 0.0
      }
    },
    "nli": {
      "count_effective": 10,
      "latency": {
        "mean": 2.02280803588219,
        "std": 0.8665274503956581,
        "p50": 2.2635578718036413,
        "p90": 3.0449593841098253,
        "p99": 3.0512232049927115
      },
      "peak_vram_gb": {
        "mean": 6.905284595489502,
        "max": 9.972647666931152
      },
      "energy_J": {
        "mean": 0.0,
        "sum": 0.0
      }
    },
    "reranker": {
      "count_effective": 10,
      "latency": {
        "mean": 0.0002526786644011736,
        "std": 4.694801572763292e-05,
        "p50": 0.00023517431691288948,
        "p90": 0.0003237288910895586,
        "p99": 0.00034721812698990107
      },
      "peak_vram_gb": {
        "mean": 16.188572883605957,
        "max": 16.188572883605957
      },
      "energy_J": {
        "mean": 0.0,
        "sum": 0.0
      }
    }
  },
  "accuracy": {
    "image_search": {
      "recall@1": 2,
      "recall@3": 3,
      "recall@5": 4,
      "recall@10": 4
    },
    "reranker": {
      "doc_recall@1": 1,
      "doc_recall@3": 2,
      "doc_recall@5": 2,
      "doc_recall@10": 2,
      "sec_recall@1": 1,
      "sec_recall@3": 1,
      "sec_recall@5": 1,
      "sec_recall@10": 2,
      "MRR@10": null
    },
    "nli": {
      "doc_recall@1": 1,
      "doc_recall@3": 2,
      "doc_recall@5": 2,
      "doc_recall@10": 2,
      "sec_recall@1": 1,
      "sec_recall@3": 1,
      "sec_recall@5": 1,
      "sec_recall@10": 2,
      "edge_precision": null,
      "edge_recall": null,
      "edge_f1": null
    },
    "e2e_accuracy": 0.1,
    "samples_total": 20
  },
  "environment": {
    "torch_version": "2.7.0+cu126",
    "cuda_available": "True",
    "cuda_version": "12.6",
    "device_count": "4",
    "gpu_name": "NVIDIA GeForce RTX 3090",
    "gpu_capability": "(8, 6)",
    "driver": "",
    "dtype": "native",
    "seed": 42,
    "pctl": [
      50,
      90,
      99
    ],
    "warmup_steps": 10,
    "nvml_poll_ms": 50
  }
}