{
  "total_samples": 5750,
  "image_recall": {
    "R@1": 0.16608695652173913,
    "R@3": 0.27408695652173914,
    "R@5": 0.34852173913043477,
    "R@10": 0.4290434782608696
  },
  "reranker": {
    "cls_max": {
      "doc": {
        "R@1": 0.3060869565217391,
        "R@3": 0.39565217391304347,
        "R@5": 0.4182608695652174,
        "R@10": 0.42539130434782607
      },
      "section": {
        "R@1": 0.1848695652173913,
        "R@3": 0.2777391304347826,
        "R@5": 0.30973913043478263,
        "R@10": 0.3309565217391304
      }
    },
    "maxsim": {
      "doc": {
        "R@1": 0.29895652173913045,
        "R@3": 0.3947826086956522,
        "R@5": 0.4146086956521739,
        "R@10": 0.4260869565217391
      },
      "section": {
        "R@1": 0.17252173913043478,
        "R@3": 0.27356521739130435,
        "R@5": 0.3031304347826087,
        "R@10": 0.3311304347826087
      }
    },
    "logsumexp": {
      "doc": {
        "R@1": 0.30469565217391303,
        "R@3": 0.39565217391304347,
        "R@5": 0.4137391304347826,
        "R@10": 0.42591304347826087
      },
      "section": {
        "R@1": 0.17704347826086955,
        "R@3": 0.27095652173913043,
        "R@5": 0.3034782608695652,
        "R@10": 0.33043478260869563
      }
    },
    "vision_maxsim": {
      "doc": {
        "R@1": 0.3307826086956522,
        "R@3": 0.39843478260869564,
        "R@5": 0.41391304347826086,
        "R@10": 0.4250434782608696
      },
      "section": {
        "R@1": 0.19408695652173913,
        "R@3": 0.28191304347826085,
        "R@5": 0.3100869565217391,
        "R@10": 0.3332173913043478
      }
    }
  }
}