{
  "total_samples": 5750,
  "image_recall": {
    "R@1": 0.16608695652173913,
    "R@3": 0.27408695652173914,
    "R@5": 0.34852173913043477,
    "R@10": 0.4290434782608696,
    "R@20": 0.4822608695652174
  },
  "reranker": {
    "cls_max": {
      "doc": {
        "R@1": 0.3109565217391304,
        "R@3": 0.4222608695652174,
        "R@5": 0.45356521739130434,
        "R@10": 0.4761739130434783,
        "R@20": 0.480695652173913
      },
      "section": {
        "R@1": 0.18834782608695652,
        "R@3": 0.28904347826086957,
        "R@5": 0.32921739130434785,
        "R@10": 0.36330434782608695,
        "R@20": 0.37878260869565217
      }
    },
    "maxsim": {
      "doc": {
        "R@1": 0.30521739130434783,
        "R@3": 0.42139130434782607,
        "R@5": 0.4523478260869565,
        "R@10": 0.4742608695652174,
        "R@20": 0.48034782608695653
      },
      "section": {
        "R@1": 0.17530434782608695,
        "R@3": 0.28330434782608693,
        "R@5": 0.32504347826086954,
        "R@10": 0.3591304347826087,
        "R@20": 0.37773913043478263
      }
    },
    "logsumexp": {
      "doc": {
        "R@1": 0.3076521739130435,
        "R@3": 0.4172173913043478,
        "R@5": 0.45165217391304346,
        "R@10": 0.4747826086956522,
        "R@20": 0.4805217391304348
      },
      "section": {
        "R@1": 0.18104347826086956,
        "R@3": 0.28069565217391307,
        "R@5": 0.32469565217391305,
        "R@10": 0.36017391304347823,
        "R@20": 0.3784347826086957
      }
    },
    "vision_maxsim": {
      "doc": {
        "R@1": 0.3525217391304348,
        "R@3": 0.4448695652173913,
        "R@5": 0.4711304347826087,
        "R@10": 0.4812173913043478,
        "R@20": 0.4822608695652174
      },
      "section": {
        "R@1": 0.20695652173913043,
        "R@3": 0.3031304347826087,
        "R@5": 0.3363478260869565,
        "R@10": 0.36643478260869566,
        "R@20": 0.38
      }
    },
    "vision_cls_max": {
      "doc": {
        "R@1": 0.3551304347826087,
        "R@3": 0.44417391304347825,
        "R@5": 0.4706086956521739,
        "R@10": 0.4812173913043478,
        "R@20": 0.4822608695652174
      },
      "section": {
        "R@1": 0.21565217391304348,
        "R@3": 0.3088695652173913,
        "R@5": 0.34017391304347827,
        "R@10": 0.36643478260869566,
        "R@20": 0.38069565217391305
      }
    }
  }
}