{
  "total_samples": 5750,
  "image_recall": {
    "R@1": 0.16608695652173913,
    "R@3": 0.27408695652173914,
    "R@5": 0.34852173913043477,
    "R@10": 0.4290434782608696
  },
  "reranker": {
    "cls_max": {
      "doc": {
        "R@1": 0.2848695652173913,
        "R@3": 0.38556521739130434,
        "R@5": 0.4137391304347826,
        "R@10": 0.4260869565217391
      },
      "section": {
        "R@1": 0.16921739130434782,
        "R@3": 0.2622608695652174,
        "R@5": 0.2956521739130435,
        "R@10": 0.3217391304347826
      }
    },
    "maxsim": {
      "doc": {
        "R@1": 0.2791304347826087,
        "R@3": 0.38278260869565217,
        "R@5": 0.412,
        "R@10": 0.4260869565217391
      },
      "section": {
        "R@1": 0.1608695652173913,
        "R@3": 0.2530434782608696,
        "R@5": 0.28730434782608694,
        "R@10": 0.32208695652173913
      }
    },
    "logsumexp": {
      "doc": {
        "R@1": 0.28191304347826085,
        "R@3": 0.38556521739130434,
        "R@5": 0.4132173913043478,
        "R@10": 0.4255652173913044
      },
      "section": {
        "R@1": 0.1617391304347826,
        "R@3": 0.25373913043478263,
        "R@5": 0.28939130434782606,
        "R@10": 0.31982608695652176
      }
    }
  }
}